mu,xi,sigma,c,generations,extinct,final_fitness,final_variance,final_clusters,final_silhouette,speciation
0.005,0.001,0.2,0.0,50,False,0.8782692031742886,0.00027514229454534295,3,0.9999999977447174,True
0.005,0.001,0.2,0.0,100,False,0.888003561102819,2.265375097085486e-33,1,,False
0.005,0.001,0.2,0.0,200,False,0.9208111002564892,3.6743132220262734e-33,1,,False
0.005,0.001,0.2,0.002,50,False,0.7737497341561617,1.2074231333584182e-08,2,1.0,True
0.005,0.001,0.2,0.002,100,True,0.20080119360068238,2.0687722266601407e-08,2,0.9926928980137177,True
0.005,0.001,0.2,0.002,200,True,0.20714266569082224,3.629108479070277e-08,2,0.9999993097640797,True
0.005,0.001,0.2,0.005,50,True,0.20820911807185655,4.6996609680745906e-08,2,0.9999997360217557,True
0.005,0.001,0.2,0.005,100,True,0.21483185391974136,1.4300029837075226e-32,1,,False
0.005,0.001,0.2,0.005,200,True,0.20822592498268627,2.1634984581696468e-08,3,0.9999981386925326,True
0.005,0.001,0.2,0.01,50,True,0.2120484370711459,8.12449487020944e-10,2,0.9999998363428567,True
0.005,0.001,0.2,0.01,100,True,0.2393788253178278,8.755759009670471e-33,1,,False
0.005,0.001,0.2,0.01,200,True,0.22357086007505575,1.7803669254231342e-12,2,1.0,True
0.005,0.001,0.5,0.0,50,False,0.9712385317983422,4.437646843331529e-05,3,1.0,True
0.005,0.001,0.5,0.0,100,False,0.9863027494453598,2.7175172441857707e-33,1,,False
0.005,0.001,0.5,0.0,200,False,0.9721094750699811,0.002650416883638386,2,0.9999999959549112,True
0.005,0.001,0.5,0.002,50,False,0.8180474482009465,2.8888949165808538e-33,1,,False
0.005,0.001,0.5,0.002,100,False,0.7266186086270333,0.0013499266981857245,2,0.9999999908241358,True
0.005,0.001,0.5,0.002,200,True,0.20317347437614638,3.4865350524485176e-33,1,,False
0.005,0.001,0.5,0.005,50,False,0.6027396140935906,0.0030017945187277013,2,1.0,True
0.005,0.001,0.5,0.005,100,True,0.20334450569055107,4.3718629931256676e-08,4,1.0,True
0.005,0.001,0.5,0.005,200,True,0.20713373257383305,7.46423599353993e-09,2,1.0,True
0.005,0.001,0.5,0.01,50,True,0.21600098135441212,1.853948312715763e-32,1,,False
0.005,0.001,0.5,0.01,100,True,0.20488153271007822,2.486057470593936e-09,2,1.0,True
0.005,0.001,0.5,0.01,200,True,0.21421506753811698,2.3246426495869084e-08,3,1.0,True
0.005,0.001,1.0,0.0,50,False,0.9893397162112373,0.004011192873145779,4,1.0,True
0.005,0.001,1.0,0.0,100,False,0.9802984433591797,0.002845892651384873,2,0.9999537337023106,True
0.005,0.001,1.0,0.0,200,False,0.991288938054459,7.992609269207029e-33,1,,False
0.005,0.001,1.0,0.002,50,False,0.9586056098453775,1.1905078472830734e-07,4,0.9899998253762248,True
0.005,0.001,1.0,0.002,100,False,0.9055055223524949,1.0491867555036453e-07,2,1.0,True
0.005,0.001,1.0,0.002,200,False,0.7262979452624968,7.759692116557697e-33,1,,False
0.005,0.001,1.0,0.005,50,False,0.903721968197869,0.0019608127064868336,3,1.0,True
0.005,0.001,1.0,0.005,100,False,0.5605324352983689,3.6135708399749305e-08,2,1.0,True
0.005,0.001,1.0,0.005,200,True,0.2020855935686372,1.3002434537044327e-32,1,,False
0.005,0.001,1.0,0.01,50,False,0.6562145988839886,0.0005486931060403194,2,1.0,True
0.005,0.001,1.0,0.01,100,True,0.20049961168161162,2.546263703994135e-32,1,,False
0.005,0.001,1.0,0.01,200,True,0.20569951338121942,3.5292666230896097e-32,1,,False
0.005,0.001,2.0,0.0,50,False,0.99717801675582,0.002303170264997045,3,1.0,True
0.005,0.001,2.0,0.0,100,False,0.9912190430507473,3.6164672107825867e-09,2,1.0,True
0.005,0.001,2.0,0.0,200,False,0.994280592248959,1.1053784637844397e-32,1,,False
0.005,0.001,2.0,0.002,50,False,0.9854758000636242,0.009452869712849475,2,1.0,True
0.005,0.001,2.0,0.002,100,False,0.9821723509907229,2.6741776541919295e-08,3,0.9999891092986118,True
0.005,0.001,2.0,0.002,200,False,0.8941687387838806,1.003870300107795e-07,3,1.0,True
0.005,0.001,2.0,0.005,50,False,0.9567657427811618,0.00377752778161797,4,1.0,True
0.005,0.001,2.0,0.005,100,False,0.8204914781255717,2.681783762273922e-08,2,1.0,True
0.005,0.001,2.0,0.005,200,False,0.5455913952060716,7.876404795922733e-11,2,1.0,True
0.005,0.001,2.0,0.01,50,False,0.8758231370245315,0.0028815979684945897,3,0.9999999857499179,True
0.005,0.001,2.0,0.01,100,False,0.5156799424539265,1.6020174331699283e-08,2,1.0,True
0.005,0.001,2.0,0.01,200,True,0.20098023955742123,6.280977655558474e-09,2,1.0,True
0.005,0.05,0.2,0.0,50,False,0.9074501044122346,8.450539180757378e-06,3,0.99,True
0.005,0.05,0.2,0.0,100,False,0.902625652614761,4.191906894580343e-33,1,,False
0.005,0.05,0.2,0.0,200,False,0.9259997813527869,1.0292555757683943e-05,2,0.9899999819148835,True
0.005,0.05,0.2,0.002,50,False,0.7437825670021967,0.0003505267196946717,2,0.9984119412814042,True
0.005,0.05,0.2,0.002,100,False,0.250217253113359,0.0001898599734116921,2,1.0,True
0.005,0.05,0.2,0.002,200,True,0.2053498754029958,1.283211010758758e-32,1,,False
0.005,0.05,0.2,0.005,50,True,0.21605173562539406,8.70859817631548e-33,1,,False
0.005,0.05,0.2,0.005,100,True,0.2082961017813658,1.0101502558311053e-32,1,,False
0.005,0.05,0.2,0.005,200,True,0.21453760376776174,2.384301271151398e-32,1,,False
0.005,0.05,0.2,0.01,50,True,0.20591279914477045,7.905942421709603e-33,1,,False
0.005,0.05,0.2,0.01,100,True,0.21792124113167768,4.5722780585968224e-33,1,,False
0.005,0.05,0.2,0.01,200,True,0.21774690404235156,6.382200816490108e-33,1,,False
0.005,0.05,0.5,0.0,50,False,0.9364631464548379,0.004275458345195169,2,0.9999999951533058,True
0.005,0.05,0.5,0.0,100,False,0.9616910667154461,0.001375521026753696,2,1.0,True
0.005,0.05,0.5,0.0,200,False,0.9736725582772843,2.2207474618813987e-07,2,1.0,True
0.005,0.05,0.5,0.002,50,False,0.8980414878759866,0.0008824692230570009,2,1.0,True
0.005,0.05,0.5,0.002,100,False,0.8335355356543381,1.37607694526468e-32,1,,False
0.005,0.05,0.5,0.002,200,False,0.29529809303200205,2.059574682681696e-05,2,0.9999999992731758,True
0.005,0.05,0.5,0.005,50,False,0.7085463211728015,4.754547981199331e-05,2,0.9999999659664084,True
0.005,0.05,0.5,0.005,100,True,0.20725291630737402,1.318073352017705e-32,1,,False
0.005,0.05,0.5,0.005,200,True,0.20062957739686438,8.187609676076237e-33,1,,False
0.005,0.05,0.5,0.01,50,True,0.20852625368387254,1.182039503367666e-32,1,,False
0.005,0.05,0.5,0.01,100,True,0.20772519092533173,2.0222264416065976e-33,1,,False
0.005,0.05,0.5,0.01,200,True,0.20529011224388868,0.0006019106922458344,2,1.0,True
0.005,0.05,1.0,0.0,50,False,0.9803773494783092,0.0015217189194781035,2,1.0,True
0.005,0.05,1.0,0.0,100,False,0.9698805408033664,1.1569467478630534e-05,2,1.0,True
0.005,0.05,1.0,0.0,200,False,0.98942092534808,7.521358285939777e-33,1,,False
0.005,0.05,1.0,0.002,50,False,0.9667589476066124,0.0033164424595974553,3,0.99999999320605,True
0.005,0.05,1.0,0.002,100,False,0.9544078694041065,5.672054116305243e-33,1,,False
0.005,0.05,1.0,0.002,200,False,0.7092760039104397,4.1321121596335004e-05,3,0.9918885635413933,True
0.005,0.05,1.0,0.005,50,False,0.8558793040997476,0.004883634701035314,4,0.9999999933673255,True
0.005,0.05,1.0,0.005,100,False,0.5436928878442927,3.547562957561288e-32,1,,False
0.005,0.05,1.0,0.005,200,True,0.2037539884046545,5.022919334509977e-32,1,,False
0.005,0.05,1.0,0.01,50,False,0.6178826416962179,0.0008367240371866321,2,0.9999999993723742,True
0.005,0.05,1.0,0.01,100,True,0.2051951252244089,1.9011335963532503e-32,1,,False
0.005,0.05,1.0,0.01,200,True,0.20580851317457302,6.730162190661195e-32,1,,False
0.005,0.05,2.0,0.0,50,False,0.9932738189992477,0.0015471942380184235,2,0.9999999806459905,True
0.005,0.05,2.0,0.0,100,False,0.9954269300605584,1.441212497836964e-32,1,,False
0.005,0.05,2.0,0.0,200,False,0.9939158305158731,2.200374961462417e-32,1,,False
0.005,0.05,2.0,0.002,50,False,0.9902779258068624,0.00229411889429176,3,1.0,True
0.005,0.05,2.0,0.002,100,False,0.9594262760176194,7.476411749436016e-07,2,1.0,True
0.005,0.05,2.0,0.002,200,False,0.8825285417783055,4.301448116765971e-05,2,1.0,True
0.005,0.05,2.0,0.005,50,False,0.9663545842384359,0.00739045919607217,4,0.9999999500802642,True
0.005,0.05,2.0,0.005,100,False,0.890252633373144,1.2391704096085906e-32,1,,False
0.005,0.05,2.0,0.005,200,False,0.5334726173651583,6.245330451658577e-05,2,1.0,True
0.005,0.05,2.0,0.01,50,False,0.8773111262507949,0.004120694803904579,3,0.9959169044724168,True
0.005,0.05,2.0,0.01,100,False,0.5617719031397561,1.604916543109879e-32,1,,False
0.005,0.05,2.0,0.01,200,True,0.200684723691103,3.228034813908089e-07,2,0.9911415680998599,True
0.005,0.1,0.2,0.0,50,False,0.9385074100442391,8.84896557456828e-05,3,0.99,True
0.005,0.1,0.2,0.0,100,False,0.9522218365150842,1.991531933117926e-33,1,,False
0.005,0.1,0.2,0.0,200,False,0.9540741045362592,2.5243223966394263e-33,1,,False
0.005,0.1,0.2,0.002,50,False,0.5596260040272173,6.712166782743328e-34,1,,False
0.005,0.1,0.2,0.002,100,True,0.20279050005872776,2.5524590294207087e-33,1,,False
0.005,0.1,0.2,0.002,200,True,0.20583223900093242,2.8335244306797208e-33,1,,False
0.005,0.1,0.2,0.005,50,True,0.20106664337924587,9.793353767209095e-33,1,,False
0.005,0.1,0.2,0.005,100,True,0.20924471598368607,1.39154457013054e-32,1,,False
0.005,0.1,0.2,0.005,200,True,0.21149059162825729,2.851580023908351e-33,1,,False
0.005,0.1,0.2,0.01,50,True,0.21554755026648237,4.0468605252324196e-33,1,,False
0.005,0.1,0.2,0.01,100,True,0.22186912356042982,2.680894482587032e-32,1,,False
0.005,0.1,0.2,0.01,200,True,0.21192623610743064,6.293608932140357e-06,2,0.9999998625022303,True
0.005,0.1,0.5,0.0,50,False,0.8891698135256294,0.006693439479829352,3,0.9990604758355224,True
0.005,0.1,0.5,0.0,100,False,0.9778163599326685,0.0008625516392805795,5,0.9999999423832461,True
0.005,0.1,0.5,0.0,200,False,0.9607195692976834,5.8163930676427115e-33,1,,False
0.005,0.1,0.5,0.002,50,False,0.8530367253729361,0.0008948060679628839,2,0.9999999992064004,True
0.005,0.1,0.5,0.002,100,False,0.7092272322676674,4.788345675221467e-33,1,,False
0.005,0.1,0.5,0.002,200,False,0.32410149214861045,3.7266744423893016e-33,1,,False
0.005,0.1,0.5,0.005,50,False,0.535804296970179,0.00122201994185665,3,0.999999968586791,True
0.005,0.1,0.5,0.005,100,True,0.2056849904019656,4.2356014301936287e-32,1,,False
0.005,0.1,0.5,0.005,200,True,0.20092231262848384,5.565997724589874e-32,1,,False
0.005,0.1,0.5,0.01,50,True,0.2041985645521244,4.391120273202898e-33,1,,False
0.005,0.1,0.5,0.01,100,True,0.2054494448886994,2.9793233460009106e-33,1,,False
0.005,0.1,0.5,0.01,200,True,0.20317154796720427,3.919568369121554e-34,1,,False
0.005,0.1,1.0,0.0,50,False,0.9696569073369686,0.007139306734754447,3,0.9999999845807903,True
0.005,0.1,1.0,0.0,100,False,0.9710702874830784,2.911539654288753e-05,2,1.0,True
0.005,0.1,1.0,0.0,200,False,0.9723316771528853,3.925285967904235e-32,1,,False
0.005,0.1,1.0,0.002,50,False,0.9608387654976533,0.004724934315167914,2,0.9999999873017272,True
0.005,0.1,1.0,0.002,100,False,0.8855223277392303,0.00010893024743790184,2,0.9899999842763387,True
0.005,0.1,1.0,0.002,200,False,0.7558378956452461,0.0005392187898703251,2,0.9999999883904945,True
0.005,0.1,1.0,0.005,50,False,0.8975193386023353,3.409693277013066e-05,2,1.0,True
0.005,0.1,1.0,0.005,100,False,0.5567130004706032,1.7381517748094804e-32,1,,False
0.005,0.1,1.0,0.005,200,True,0.2019606077305269,3.135052837597847e-33,1,,False
0.005,0.1,1.0,0.01,50,False,0.5294779560762164,3.186842979549934e-05,2,0.9899999897221429,True
0.005,0.1,1.0,0.01,100,True,0.20085174948836979,5.242381308622056e-32,1,,False
0.005,0.1,1.0,0.01,200,True,0.20033044252947588,5.770567595870255e-32,1,,False
0.005,0.1,2.0,0.0,50,False,0.9972680715977884,0.0022729240043032717,2,0.9999999983024446,True
0.005,0.1,2.0,0.0,100,False,0.9912664427093175,0.0003608942874608106,2,0.9999999462967275,True
0.005,0.1,2.0,0.0,200,False,0.9969429339818829,3.9024155498146365e-33,1,,False
0.005,0.1,2.0,0.002,50,False,0.9842157232843937,0.004375316009435514,2,1.0,True
0.005,0.1,2.0,0.002,100,False,0.9514927390395914,0.003493340843865632,2,1.0,True
0.005,0.1,2.0,0.002,200,False,0.9164049115146911,4.961912118097781e-33,1,,False
0.005,0.1,2.0,0.005,50,False,0.96148113968503,9.592626098005449e-05,2,0.9999999620271,True
0.005,0.1,2.0,0.005,100,False,0.8846151406235309,0.007383753755466673,3,1.0,True
0.005,0.1,2.0,0.005,200,False,0.5233988994264823,9.07654671603247e-33,1,,False
0.005,0.1,2.0,0.01,50,False,0.8574163370346954,6.45179678839585e-05,3,0.9799999615000143,True
0.005,0.1,2.0,0.01,100,False,0.5503860039544891,1.0725345188085372e-06,2,0.9999999837914082,True
0.005,0.1,2.0,0.01,200,True,0.20248210315580908,2.557729005694315e-32,1,,False
0.01,0.001,0.2,0.0,50,False,0.8719839577350698,2.0362430796046724e-08,2,0.9918249536577634,True
0.01,0.001,0.2,0.0,100,False,0.8912986989919005,2.2364861479196778e-33,1,,False
0.01,0.001,0.2,0.0,200,False,0.8455320342175773,1.9947448156977927e-08,2,0.9999987788419937,True
0.01,0.001,0.2,0.002,50,False,0.5404160119856872,6.328191210442751e-05,2,1.0,True
0.01,0.001,0.2,0.002,100,True,0.20211631512783423,7.41925440290807e-08,3,1.0,True
0.01,0.001,0.2,0.002,200,True,0.20152610615176741,3.8134359866788816e-09,4,1.0,True
0.01,0.001,0.2,0.005,50,True,0.21862305011792216,4.350248293458769e-08,2,0.999998383614114,True
0.01,0.001,0.2,0.005,100,True,0.2161593559613732,3.548165211420583e-09,3,1.0,True
0.01,0.001,0.2,0.005,200,True,0.21051572568479401,9.40335295347068e-33,1,,False
0.01,0.001,0.2,0.01,50,True,0.23358182639661304,1.0896146953024583e-08,2,1.0,True
0.01,0.001,0.2,0.01,100,True,0.22917927494540463,3.27691028152596e-08,2,1.0,True
0.01,0.001,0.2,0.01,200,True,0.23430518726120309,3.617137176802277e-33,1,,False
0.01,0.001,0.5,0.0,50,False,0.9149360683737398,0.0034616411756853887,4,1.0,True
0.01,0.001,0.5,0.0,100,False,0.977160324479286,7.05901959382033e-08,4,1.0,True
0.01,0.001,0.5,0.0,200,False,0.9112752491349201,2.3732655502320942e-08,4,0.98,True
0.01,0.001,0.5,0.002,50,False,0.7842447820536813,0.000508126798607235,5,0.989993441178418,True
0.01,0.001,0.5,0.002,100,False,0.5835815357702435,1.5184964536959085e-09,4,0.98,True
0.01,0.001,0.5,0.002,200,False,0.2614051216751777,2.3614308530617995e-32,1,,False
0.01,0.001,0.5,0.005,50,False,0.6657840584573682,0.0005719336323583484,3,0.9999998602202702,True
0.01,0.001,0.5,0.005,100,True,0.20419763657445655,1.1440625722767803e-32,1,,False
0.01,0.001,0.5,0.005,200,True,0.20092961929027495,8.726870060504662e-34,1,,False
0.01,0.001,0.5,0.01,50,True,0.21120478946729832,2.5923017051452193e-32,1,,False
0.01,0.001,0.5,0.01,100,True,0.2076867377439035,1.64263390207922e-08,2,0.9999962799679707,True
0.01,0.001,0.5,0.01,200,True,0.20194231386022654,4.687722489938138e-10,2,0.9999814366794273,True
0.01,0.001,1.0,0.0,50,False,0.976484013812856,0.005171464230062371,4,0.9999999987073396,True
0.01,0.001,1.0,0.0,100,False,0.9798234392526094,0.0028310693391679423,2,0.9999788522265689,True
0.01,0.001,1.0,0.0,200,False,0.9833110118952759,7.906346298078188e-08,5,0.9999996703160906,True
0.01,0.001,1.0,0.002,50,False,0.9766483290502243,0.002175642078446964,3,1.0,True
0.01,0.001,1.0,0.002,100,False,0.896182153161307,3.257689812230435e-33,1,,False
0.01,0.001,1.0,0.002,200,False,0.6696017672261406,6.203901833357383e-33,1,,False
0.01,0.001,1.0,0.005,50,False,0.815484054949837,0.009087901442555384,2,0.9999999963773092,True
0.01,0.001,1.0,0.005,100,False,0.563616113038439,5.618674917834403e-34,1,,False
0.01,0.001,1.0,0.005,200,True,0.2023149987969561,2.6240521607494954e-08,4,1.0,True
0.01,0.001,1.0,0.01,50,False,0.644085130271574,0.0005111832708029493,2,0.99885806509818,True
0.01,0.001,1.0,0.01,100,True,0.20425074667817347,4.914499767063603e-09,2,1.0,True
0.01,0.001,1.0,0.01,200,True,0.20556776136622176,7.337793088115369e-33,1,,False
0.01,0.001,2.0,0.0,50,False,0.9968457131298162,0.003528205126382091,5,0.989997787096124,True
0.01,0.001,2.0,0.0,100,False,0.9951381719702063,0.00010324383043527282,3,1.0,True
0.01,0.001,2.0,0.0,200,False,0.9872496973824119,6.001887352533388e-08,4,0.9999990477539202,True
0.01,0.001,2.0,0.002,50,False,0.9927053995727086,0.0009753825731111529,3,1.0,True
0.01,0.001,2.0,0.002,100,False,0.9592895648272575,1.4507067306096855e-32,1,,False
0.01,0.001,2.0,0.002,200,False,0.9155240841464614,1.0538785898267562e-08,2,1.0,True
0.01,0.001,2.0,0.005,50,False,0.972379908825101,0.004125677431533792,3,0.9987981132470256,True
0.01,0.001,2.0,0.005,100,False,0.8571942401666383,9.208352546601471e-33,1,,False
0.01,0.001,2.0,0.005,200,False,0.5487671690615291,3.374767442295024e-09,3,1.0,True
0.01,0.001,2.0,0.01,50,False,0.885203251146809,0.002259898502593464,3,0.999992173511473,True
0.01,0.001,2.0,0.01,100,False,0.5653095165648593,1.8118743400351172e-07,3,0.9999982227278221,True
0.01,0.001,2.0,0.01,200,True,0.2000867258154182,6.48347200580215e-33,1,,False
0.01,0.05,0.2,0.0,50,False,0.9697034940828719,6.2788325452561996e-34,1,,False
0.01,0.05,0.2,0.0,100,False,0.830296403918573,5.532318400845594e-33,1,,False
0.01,0.05,0.2,0.0,200,False,0.9323552910766708,1.9049658002694015e-05,2,1.0,True
0.01,0.05,0.2,0.002,50,False,0.4550408763066028,3.15145333478052e-33,1,,False
0.01,0.05,0.2,0.002,100,True,0.20210173071509085,8.811731348679224e-33,1,,False
0.01,0.05,0.2,0.002,200,True,0.20694445528637306,2.718119097293392e-33,1,,False
0.01,0.05,0.2,0.005,50,True,0.20310017440536982,0.00010566132036468785,2,1.0,True
0.01,0.05,0.2,0.005,100,True,0.20959577754894723,1.441558563373846e-32,1,,False
0.01,0.05,0.2,0.005,200,True,0.21220951303127417,0.0007573153246582294,2,1.0,True
0.01,0.05,0.2,0.01,50,True,0.2016298432457906,5.317974058939255e-33,1,,False
0.01,0.05,0.2,0.01,100,True,0.22376808455635577,0.001628827318558728,4,1.0,True
0.01,0.05,0.2,0.01,200,True,0.2279588460814435,0.0008981372332895716,3,0.9999999901455061,True
0.01,0.05,0.5,0.0,50,False,0.9487773671439522,7.771127325602497e-33,1,,False
0.01,0.05,0.5,0.0,100,False,0.9826290554629072,0.00022140519913444438,4,1.0,True
0.01,0.05,0.5,0.0,200,False,0.9687161799153788,1.3666880367857924e-32,1,,False
0.01,0.05,0.5,0.002,50,False,0.834038322324275,0.001306897483552415,4,0.9999999976497739,True
0.01,0.05,0.5,0.002,100,False,0.7918182273230253,7.203875671081409e-05,3,0.9999999749374343,True
0.01,0.05,0.5,0.002,200,False,0.4432704992321373,5.524530045474786e-32,1,,False
0.01,0.05,0.5,0.005,50,False,0.6607659113333811,1.8862588041710347e-05,3,1.0,True
0.01,0.05,0.5,0.005,100,True,0.2046713772118176,3.4720905778656135e-33,1,,False
0.01,0.05,0.5,0.005,200,True,0.20805671435735693,2.0053745545932093e-33,1,,False
0.01,0.05,0.5,0.01,50,True,0.20144153724789862,6.442235663975304e-33,1,,False
0.01,0.05,0.5,0.01,100,True,0.20250135103916458,1.6832627713944442e-32,1,,False
0.01,0.05,0.5,0.01,200,True,0.216294649353467,1.2074677971646537e-33,1,,False
0.01,0.05,1.0,0.0,50,False,0.9849144719328765,0.0027912387948119846,2,1.0,True
0.01,0.05,1.0,0.0,100,False,0.9956934159808681,0.00011716571277596779,4,0.9999999967666341,True
0.01,0.05,1.0,0.0,200,False,0.9911194003924383,1.8327452066004995e-06,4,0.99,True
0.01,0.05,1.0,0.002,50,False,0.9742899530307798,0.004417581655260927,3,1.0,True
0.01,0.05,1.0,0.002,100,False,0.9675143017811786,1.9803602545830806e-05,3,0.9960240797793383,True
0.01,0.05,1.0,0.002,200,False,0.7258734059654073,0.00012761026903841826,3,1.0,True
0.01,0.05,1.0,0.005,50,False,0.8432685703954718,0.005315447896449691,5,0.9899999747883519,True
0.01,0.05,1.0,0.005,100,False,0.5789189163103525,0.00013887136131988438,4,1.0,True
0.01,0.05,1.0,0.005,200,True,0.20115291086001488,3.90193406732854e-32,1,,False
0.01,0.05,1.0,0.01,50,False,0.5590781890783021,1.1474407111689623e-05,2,0.989999951553458,True
0.01,0.05,1.0,0.01,100,True,0.20480349816066779,8.428350919124641e-33,1,,False
0.01,0.05,1.0,0.01,200,True,0.2041383148424684,9.369649179443902e-33,1,,False
0.01,0.05,2.0,0.0,50,False,0.9902531715382749,0.003965396830273414,3,1.0,True
0.01,0.05,2.0,0.0,100,False,0.9933200691042359,7.414018327856524e-05,2,1.0,True
0.01,0.05,2.0,0.0,200,False,0.9952459620600128,1.6457673227896551e-32,1,,False
0.01,0.05,2.0,0.002,50,False,0.9845476192531482,0.008015635305031205,5,0.9694186623023165,True
0.01,0.05,2.0,0.002,100,False,0.9730201189438182,0.00043255322970600147,5,0.99,True
0.01,0.05,2.0,0.002,200,False,0.9001899345436455,0.002493359458499319,5,1.0,True
0.01,0.05,2.0,0.005,50,False,0.9574894348693153,0.006824544682974632,2,0.9954418862382896,True
0.01,0.05,2.0,0.005,100,False,0.8429447349331576,0.0001211146381770656,4,0.9999999981808564,True
0.01,0.05,2.0,0.005,200,False,0.5303407384670846,9.87680368145446e-05,2,1.0,True
0.01,0.05,2.0,0.01,50,False,0.8908838909099113,2.3563301479747115e-32,1,,False
0.01,0.05,2.0,0.01,100,False,0.6084344014910532,0.0002151461504516848,2,1.0,True
0.01,0.05,2.0,0.01,200,True,0.20105778776362426,5.53381362965984e-32,1,,False
0.01,0.1,0.2,0.0,50,False,0.9524926895661701,8.533285445630904e-05,2,1.0,True
0.01,0.1,0.2,0.0,100,False,0.8331636986922832,1.2785377218288725e-07,3,0.9899990035395133,True
0.01,0.1,0.2,0.0,200,False,0.9350738500289788,0.0002924594036507659,2,1.0,True
0.01,0.1,0.2,0.002,50,False,0.6778070433845694,1.5023758198989492e-33,1,,False
0.01,0.1,0.2,0.002,100,False,0.23542910998161165,6.410674432842974e-05,2,1.0,True
0.01,0.1,0.2,0.002,200,True,0.20170278693133045,6.58908782223483e-33,1,,False
0.01,0.1,0.2,0.005,50,True,0.207274498575497,7.722979076992816e-33,1,,False
0.01,0.1,0.2,0.005,100,True,0.20177830595431157,6.495198737445953e-32,1,,False
0.01,0.1,0.2,0.005,200,True,0.20949758413418182,8.89779634306903e-32,1,,False
0.01,0.1,0.2,0.01,50,True,0.20298560550547265,8.031127868094774e-33,1,,False
0.01,0.1,0.2,0.01,100,True,0.20971866966705938,4.918494058755809e-33,1,,False
0.01,0.1,0.2,0.01,200,True,0.2068976099576136,3.546118510102998e-33,1,,False
0.01,0.1,0.5,0.0,50,False,0.9496706051642885,0.0039824058848292486,3,0.9938486191756418,True
0.01,0.1,0.5,0.0,100,False,0.9616583699465027,0.0010846765803336489,4,1.0,True
0.01,0.1,0.5,0.0,200,False,0.9502159082938546,2.194330569020657e-05,3,1.0,True
0.01,0.1,0.5,0.002,50,False,0.9283894787600799,0.0011354938700619739,5,1.0,True
0.01,0.1,0.5,0.002,100,False,0.7395653700849769,3.935783746040399e-05,2,1.0,True
0.01,0.1,0.5,0.002,200,False,0.25897672471999766,4.06971834501291e-05,3,0.99,True
0.01,0.1,0.5,0.005,50,False,0.7080486431889025,0.003039350078765021,5,0.9999999488352784,True
0.01,0.1,0.5,0.005,100,True,0.20181390030196805,1.5755950120229679e-32,1,,False
0.01,0.1,0.5,0.005,200,True,0.20263259901953748,9.22520443361486e-33,1,,False
0.01,0.1,0.5,0.01,50,True,0.20148479250115656,1.2759285881565438e-32,1,,False
0.01,0.1,0.5,0.01,100,True,0.21509090487228583,2.939947106434806e-32,1,,False
0.01,0.1,0.5,0.01,200,True,0.2100607612439032,2.6280818723932884e-32,1,,False
0.01,0.1,1.0,0.0,50,False,0.9542736033955692,0.014876301668543881,5,0.9999999554704266,True
0.01,0.1,1.0,0.0,100,False,0.9753592440680768,0.0004723140203756359,2,1.0,True
0.01,0.1,1.0,0.0,200,False,0.9811138103868007,4.0094321458148365e-06,3,0.9999999945667772,True
0.01,0.1,1.0,0.002,50,False,0.9829656687287273,1.5157789534238187e-33,1,,False
0.01,0.1,1.0,0.002,100,False,0.8885055997031496,0.0006830616888007388,3,1.0,True
0.01,0.1,1.0,0.002,200,False,0.7286110563647523,0.00012484988944855404,2,1.0,True
0.01,0.1,1.0,0.005,50,False,0.9043825339260413,0.004781350543214891,5,0.9502951052454968,True
0.01,0.1,1.0,0.005,100,False,0.5765721558765621,9.172241360144211e-33,1,,False
0.01,0.1,1.0,0.005,200,True,0.20141864609579868,3.644822419752844e-32,1,,False
0.01,0.1,1.0,0.01,50,False,0.6491512576954512,0.0005157605287012825,2,0.9999999922671609,True
0.01,0.1,1.0,0.01,100,True,0.20523013902648074,1.6967442810051547e-32,1,,False
0.01,0.1,1.0,0.01,200,True,0.2070224174810412,9.205945134170987e-33,1,,False
0.01,0.1,2.0,0.0,50,False,0.9915363463297919,0.003844313695416597,3,0.9999999668843175,True
0.01,0.1,2.0,0.0,100,False,0.9939701047812457,8.246755795232729e-05,2,1.0,True
0.01,0.1,2.0,0.0,200,False,0.9954483676241139,0.00106447758848567,4,1.0,True
0.01,0.1,2.0,0.002,50,False,0.9902910785315566,0.0034634962546932512,3,1.0,True
0.01,0.1,2.0,0.002,100,False,0.9723478784487831,0.0013968916313011588,5,0.9572539934054549,True
0.01,0.1,2.0,0.002,200,False,0.9209972467818425,0.0025711948399527048,2,1.0,True
0.01,0.1,2.0,0.005,50,False,0.9513689057232235,0.0062098809144550005,5,1.0,True
0.01,0.1,2.0,0.005,100,False,0.8526744187223211,2.9797294326968162e-05,4,0.98,True
0.01,0.1,2.0,0.005,200,False,0.5522635397666433,0.0006130021423404645,4,0.9899997836199104,True
0.01,0.1,2.0,0.01,50,False,0.8636760469040555,0.0025510732982169416,5,1.0,True
0.01,0.1,2.0,0.01,100,False,0.4928414680773405,2.624079549227609e-32,1,,False
0.01,0.1,2.0,0.01,200,True,0.20070224643231135,6.823810534207025e-32,1,,False
0.05,0.001,0.2,0.0,50,False,0.8137285497940396,1.220775958983569e-07,5,0.9999977900888382,True
0.05,0.001,0.2,0.0,100,False,0.8466258140590167,2.7488985944480644e-08,5,0.999999735005143,True
0.05,0.001,0.2,0.0,200,False,0.8292084045840912,6.448095493625748e-08,5,0.9140390682991929,True
0.05,0.001,0.2,0.002,50,False,0.7579606638463176,8.48441606572338e-08,5,0.8538527365884552,True
0.05,0.001,0.2,0.002,100,True,0.2027188866734997,7.46930040135686e-08,5,1.0,True
0.05,0.001,0.2,0.002,200,True,0.20208287947964337,1.8615366214019227e-07,5,0.7801212811769657,True
0.05,0.001,0.2,0.005,50,True,0.2039274151986637,5.585314315864365e-08,5,0.9687141750216341,True
0.05,0.001,0.2,0.005,100,True,0.21716331592507854,4.228149781428551e-08,5,0.9999610478997606,True
0.05,0.001,0.2,0.005,200,True,0.20033469388864006,1.029650296518026e-32,1,,False
0.05,0.001,0.2,0.01,50,True,0.22849047029527864,1.3184371892201279e-08,2,1.0,True
0.05,0.001,0.2,0.01,100,True,0.22215078275978062,8.316421389305861e-08,5,1.0,True
0.05,0.001,0.2,0.01,200,True,0.2372825429997897,1.0061502163612119e-07,4,0.9999893016011561,True
0.05,0.001,0.5,0.0,50,False,0.9317180468939036,0.003942075496295467,4,0.998581194617612,True
0.05,0.001,0.5,0.0,100,False,0.9767003392362348,2.11382870486435e-07,5,0.9332054750159301,True
0.05,0.001,0.5,0.0,200,False,0.9597656898027371,5.83381802540346e-09,5,0.9999958998474399,True
0.05,0.001,0.5,0.002,50,False,0.9578258552776157,0.001047072126372678,2,0.9973767897795934,True
0.05,0.001,0.5,0.002,100,False,0.6513770994921724,1.9786602529643534e-07,4,0.9521611767272872,True
0.05,0.001,0.5,0.002,200,False,0.2523061300721241,3.192844253196389e-07,2,0.7788708186095447,True
0.05,0.001,0.5,0.005,50,False,0.5728363646938154,0.00019915123926239698,2,0.9962566542270469,True
0.05,0.001,0.5,0.005,100,True,0.2052555617745629,2.8217376903710275e-07,5,0.925995408762121,True
0.05,0.001,0.5,0.005,200,True,0.2003316022575401,9.01031956715504e-08,3,0.999999831694391,True
0.05,0.001,0.5,0.01,50,True,0.21488484216144663,5.383799366572015e-08,5,1.0,True
0.05,0.001,0.5,0.01,100,True,0.20913646388534832,0.0005558893672062868,2,0.9972310763347946,True
0.05,0.001,0.5,0.01,200,True,0.21083310079844617,2.6275002446743045e-07,3,0.950750283116657,True
0.05,0.001,1.0,0.0,50,False,0.9703702558194262,0.0017311422571698958,2,0.9970342048962659,True
0.05,0.001,1.0,0.0,100,False,0.9691669020125566,0.005255199860342878,2,0.9983152621529129,True
0.05,0.001,1.0,0.0,200,False,0.9754289301831801,1.0820551970145941e-07,5,0.9902205105943331,True
0.05,0.001,1.0,0.002,50,False,0.9324360199116429,0.005098472714854828,3,0.9976931875062508,True
0.05,0.001,1.0,0.002,100,False,0.9216688853861288,0.002739106331145029,2,0.9972540043296838,True
0.05,0.001,1.0,0.002,200,False,0.6530652958063079,3.0121482543518024e-08,5,0.9475068470411877,True
0.05,0.001,1.0,0.005,50,False,0.8605777877375311,0.004235731899380622,4,0.9991712236558563,True
0.05,0.001,1.0,0.005,100,False,0.5953670572431483,3.4021882050147703e-07,5,0.9400198720177638,True
0.05,0.001,1.0,0.005,200,True,0.20270913820460015,1.894487099126594e-07,5,0.9463121008391232,True
0.05,0.001,1.0,0.01,50,False,0.5876730423741371,0.0010374627557290512,2,0.9986763142194532,True
0.05,0.001,1.0,0.01,100,True,0.20224704338022131,4.7794339234470045e-08,4,1.0,True
0.05,0.001,1.0,0.01,200,True,0.20602363172801438,2.8741985950904905e-07,5,0.7563448172994403,True
0.05,0.001,2.0,0.0,50,False,0.9961813566285846,0.001434288613878589,2,0.9992152849084454,True
0.05,0.001,2.0,0.0,100,False,0.9966266878711694,0.001988444710527527,2,0.9955716440359542,True
0.05,0.001,2.0,0.0,200,False,0.9944022160251166,8.993118916931009e-08,5,0.944636225062841,True
0.05,0.001,2.0,0.002,50,False,0.9942864810516788,0.0023667400356235714,5,0.9999426452486918,True
0.05,0.001,2.0,0.002,100,False,0.9595059353201624,0.004674918336749259,2,0.9956425020034332,True
0.05,0.001,2.0,0.002,200,False,0.8778029027429415,4.805241712967775e-08,5,0.8338664769265753,True
0.05,0.001,2.0,0.005,50,False,0.9432923616739012,0.00371067620316434,2,0.9989755318014854,True
0.05,0.001,2.0,0.005,100,False,0.8381095057823458,2.5978479551954814e-07,5,0.9815623941544896,True
0.05,0.001,2.0,0.005,200,False,0.5860815637765839,2.4112256035000285e-07,5,0.8781995784981775,True
0.05,0.001,2.0,0.01,50,False,0.883615362134865,0.0010861394153128382,2,0.9978440665261946,True
0.05,0.001,2.0,0.01,100,False,0.5743889896694694,0.0010272974687812356,2,0.9906868209074527,True
0.05,0.001,2.0,0.01,200,True,0.20373298662662706,2.1072760385893172e-07,5,0.9504686433318916,True
0.05,0.05,0.2,0.0,50,False,0.8024477322059692,0.0003042884677123884,5,0.9852340313912142,True
0.05,0.05,0.2,0.0,100,False,0.9303733101106444,0.00020632555247003707,5,0.9999999831481293,True
0.05,0.05,0.2,0.0,200,False,0.8778119041210053,6.589099109505915e-05,5,0.9871529069703626,True
0.05,0.05,0.2,0.002,50,False,0.6638576059311287,0.0004943573483871745,3,0.9887476778611037,True
0.05,0.05,0.2,0.002,100,False,0.315822678633313,0.001281354975876023,5,0.9503447940235074,True
0.05,0.05,0.2,0.002,200,True,0.20032202759916118,1.3003878984502617e-31,1,,False
0.05,0.05,0.2,0.005,50,False,0.2167898370200524,1.718792431768757e-05,4,1.0,True
0.05,0.05,0.2,0.005,100,True,0.20131321287430548,3.3458217958867254e-32,1,,False
0.05,0.05,0.2,0.005,200,True,0.20412342593153857,1.2040914012309e-31,1,,False
0.05,0.05,0.2,0.01,50,True,0.2020088964141359,7.49752385022185e-05,3,1.0,True
0.05,0.05,0.2,0.01,100,True,0.20128708447438323,6.360383641338846e-33,1,,False
0.05,0.05,0.2,0.01,200,True,0.22100329468401245,6.0113088389186596e-33,1,,False
0.05,0.05,0.5,0.0,50,False,0.9638680800081564,0.0016994677332144684,5,0.9842164590131707,True
0.05,0.05,0.5,0.0,100,False,0.989722074226009,0.0002040865004861718,5,0.9781224222892577,True
0.05,0.05,0.5,0.0,200,False,0.9705984494991717,0.0004952687912739412,4,0.8020537178824455,True
0.05,0.05,0.5,0.002,50,False,0.8392100402539937,0.00015771150864793084,5,0.9263129967154293,True
0.05,0.05,0.5,0.002,100,False,0.6978841814461796,0.00010133753147470617,5,0.969932572384282,True
0.05,0.05,0.5,0.002,200,False,0.3943166001991979,0.000964707463541883,5,1.0,True
0.05,0.05,0.5,0.005,50,False,0.5757033159048226,0.00316096853569637,4,0.9934759922054348,True
0.05,0.05,0.5,0.005,100,True,0.20023097293996048,2.5441534565355385e-32,1,,False
0.05,0.05,0.5,0.005,200,True,0.20479420164949722,0.0005915497638831933,3,1.0,True
0.05,0.05,0.5,0.01,50,True,0.20282669621645155,7.993960982349492e-06,3,0.9871717792674134,True
0.05,0.05,0.5,0.01,100,True,0.21421809638411715,1.1178097397223516e-31,1,,False
0.05,0.05,0.5,0.01,200,True,0.2072541352581371,8.232805455021621e-05,5,0.9899999970998431,True
0.05,0.05,1.0,0.0,50,False,0.9651715043196463,0.005136387019683485,5,0.9675467643927721,True
0.05,0.05,1.0,0.0,100,False,0.9735669413598538,0.0003729054806854011,5,0.9468364182976435,True
0.05,0.05,1.0,0.0,200,False,0.9767058237902438,0.00014227603102238262,5,0.8827474410416964,True
0.05,0.05,1.0,0.002,50,False,0.9735985084316952,0.0019444688819717844,5,0.9999999694563384,True
0.05,0.05,1.0,0.002,100,False,0.8873853205522998,0.0001811155232113785,5,0.9755793658740661,True
0.05,0.05,1.0,0.002,200,False,0.6134818316329212,0.0008392597092275608,5,0.9782808824222117,True
0.05,0.05,1.0,0.005,50,False,0.8578249887537944,0.003381752079938102,4,0.9220479559551998,True
0.05,0.05,1.0,0.005,100,False,0.5837400624071,0.00025851124595403986,5,0.99,True
0.05,0.05,1.0,0.005,200,True,0.20276797833039556,0.00026420364727085537,2,1.0,True
0.05,0.05,1.0,0.01,50,False,0.6094548499787183,0.0019029920717934772,5,0.9999999757800141,True
0.05,0.05,1.0,0.01,100,True,0.20333349179395616,3.4878125828105864e-06,2,1.0,True
0.05,0.05,1.0,0.01,200,True,0.200343707465464,2.1093747715901202e-32,1,,False
0.05,0.05,2.0,0.0,50,False,0.9952507715486931,0.0016813130096272374,2,0.9338091855380556,True
0.05,0.05,2.0,0.0,100,False,0.996977875983654,0.0013839829591445953,5,0.860580521348763,True
0.05,0.05,2.0,0.0,200,False,0.9913051008342234,0.0015956941198803161,5,0.8360785519312341,True
0.05,0.05,2.0,0.002,50,False,0.9876262193948341,0.0007421541269440537,5,0.9971844063955543,True
0.05,0.05,2.0,0.002,100,False,0.9690082591220424,0.00027681768365912346,5,0.9265203167577921,True
0.05,0.05,2.0,0.002,200,False,0.92408670056942,0.0007561603277803678,5,0.8289620250351176,True
0.05,0.05,2.0,0.005,50,False,0.9568243933113217,0.0043781725025457885,2,0.9494344092851389,True
0.05,0.05,2.0,0.005,100,False,0.8831118694355581,0.0002212113064051884,5,0.99,True
0.05,0.05,2.0,0.005,200,False,0.5655973886795834,0.00018865746527189524,5,0.9361292162401932,True
0.05,0.05,2.0,0.01,50,False,0.862862884662932,0.003096846290416113,5,0.9899999964182254,True
0.05,0.05,2.0,0.01,100,False,0.5785135390197219,0.0008023295517914112,5,0.8657271552954515,True
0.05,0.05,2.0,0.01,200,True,0.2004593056375321,9.405136842818263e-07,2,0.999999965382288,True
0.05,0.1,0.2,0.0,50,False,0.942184658699937,0.0006201274231573223,5,0.9984026157887427,True
0.05,0.1,0.2,0.0,100,False,0.93429826260661,0.00016465516383885802,5,0.9577184985537934,True
0.05,0.1,0.2,0.0,200,False,0.9221460291323064,0.000182822827681952,5,0.9922991401231178,True
0.05,0.1,0.2,0.002,50,False,0.7704352778350199,0.00018189052792573994,5,1.0,True
0.05,0.1,0.2,0.002,100,False,0.4008341251034429,0.0002464621032111852,5,0.9530900102128621,True
0.05,0.1,0.2,0.002,200,False,0.3213672414902308,0.000887868371560324,5,0.8926074206821233,True
0.05,0.1,0.2,0.005,50,False,0.25010362047581464,3.429573105718557e-05,3,0.996448563540697,True
0.05,0.1,0.2,0.005,100,True,0.20397114657632856,1.6901961191942382e-31,1,,False
0.05,0.1,0.2,0.005,200,True,0.2111137932695165,1.715431819996787e-33,1,,False
0.05,0.1,0.2,0.01,50,True,0.2063133488967549,6.578976690026798e-32,1,,False
0.05,0.1,0.2,0.01,100,True,0.2168328776856296,2.862894862331626e-32,1,,False
0.05,0.1,0.2,0.01,200,True,0.2131848228596792,1.2742433994552048e-32,1,,False
0.05,0.1,0.5,0.0,50,False,0.9362392527533268,0.005144178544499473,5,1.0,True
0.05,0.1,0.5,0.0,100,False,0.9688844585481982,0.001283777361516865,4,0.99,True
0.05,0.1,0.5,0.0,200,False,0.9849572637194167,0.00016827045588017163,5,0.99,True
0.05,0.1,0.5,0.002,50,False,0.8269980566309291,0.0010242392127745778,4,0.9177855695150657,True
0.05,0.1,0.5,0.002,100,False,0.8610702328976475,0.00045633413044080375,3,0.9930194081932257,True
0.05,0.1,0.5,0.002,200,False,0.40033681107406616,0.00031730184851119184,3,0.9999999990122426,True
0.05,0.1,0.5,0.005,50,False,0.7305501377879743,0.0002647690705074619,5,0.8647857681224457,True
0.05,0.1,0.5,0.005,100,False,0.20522099806122654,6.031017541683352e-05,3,0.9999996325511816,True
0.05,0.1,0.5,0.005,200,True,0.20386116996891934,0.000503101582415945,2,0.9999999927359644,True
0.05,0.1,0.5,0.01,50,False,0.23489333852772654,0.0010650090048577616,5,0.9647669675823536,True
0.05,0.1,0.5,0.01,100,True,0.20547006768801762,7.406971909605704e-09,2,0.99,True
0.05,0.1,0.5,0.01,200,True,0.20513759826514444,8.099258492781348e-08,2,0.989998846718629,True
0.05,0.1,1.0,0.0,50,False,0.9830205487616294,0.00020444845969179952,5,0.9782875590473633,True
0.05,0.1,1.0,0.0,100,False,0.9703568595941517,0.005182931790387073,4,0.9246754454494013,True
0.05,0.1,1.0,0.0,200,False,0.9892603494063475,0.0005311469352943991,4,1.0,True
0.05,0.1,1.0,0.002,50,False,0.9190675144726199,0.004601669381329216,5,0.9061215632512455,True
0.05,0.1,1.0,0.002,100,False,0.9604990525645702,0.0015050065366792958,5,0.875103720246877,True
0.05,0.1,1.0,0.002,200,False,0.7982047136945352,0.0021518693154011065,5,0.7255015144546146,True
0.05,0.1,1.0,0.005,50,False,0.803992448704636,0.0013980627851593673,5,0.9876664249479684,True
0.05,0.1,1.0,0.005,100,False,0.5419929788775925,0.004290435331856907,5,0.8535115496865583,True
0.05,0.1,1.0,0.005,200,False,0.20518970633462755,0.00025254540838522707,3,0.9914478712513097,True
0.05,0.1,1.0,0.01,50,False,0.6077913050319189,0.004680039575136142,4,0.9229695126669385,True
0.05,0.1,1.0,0.01,100,True,0.2011318680894564,2.3477687875188027e-32,1,,False
0.05,0.1,1.0,0.01,200,True,0.20203220953772752,3.8750312334178806e-32,1,,False
0.05,0.1,2.0,0.0,50,False,0.9919604158683681,0.007714560236761969,5,1.0,True
0.05,0.1,2.0,0.0,100,False,0.9870397609929138,0.0028608629270624694,5,0.9317880265898437,True
0.05,0.1,2.0,0.0,200,False,0.9926000153459911,0.0012617415028739296,5,0.9899999976453507,True
0.05,0.1,2.0,0.002,50,False,0.9859802307014056,0.00738533824342614,3,0.964273284294311,True
0.05,0.1,2.0,0.002,100,False,0.9690382123878752,0.002486938349460784,5,0.9999999964719103,True
0.05,0.1,2.0,0.002,200,False,0.92561092767397,0.0013750657661146758,5,0.9551054745816281,True
0.05,0.1,2.0,0.005,50,False,0.9330271380107371,0.010258859004679752,4,0.9949823724276307,True
0.05,0.1,2.0,0.005,100,False,0.8443551398462352,0.0008183099874650995,4,0.9100110928338814,True
0.05,0.1,2.0,0.005,200,False,0.5444292921558443,0.0015301549938635404,5,0.8141211226101427,True
0.05,0.1,2.0,0.01,50,False,0.8772669566094383,0.018144624503843854,5,0.9751145074170526,True
0.05,0.1,2.0,0.01,100,False,0.5603016037616739,0.005782179024883853,5,0.9654631035799516,True
0.05,0.1,2.0,0.01,200,True,0.2030373400914397,9.599075584069032e-32,1,,False
